10442-1465980350-2317804,na,sein,reis,mak,hei,n,kart,facn,d@,ocnfecrhacrd@,wegc@n,ecn,di,zect,hei,dacjreckt,ocp,n,defede,
10609-1464163502-1899838,na,zein,reis,mak,hei,@,kart,vacn,d@,ocnecrhacrd@,wegc@,ecn,di,zect,hei,dacjreck,ocp,@n,defede,
10895-1464107788-1870549,na,zein,reis,mak,hei,@,kart,facn,d,ocnecrhacrd@,wegc,ecn,di,zect,hei,dacjreck,ocp,@n,defede,
11791-1466163136-2331541,na,zein,reis,mak,hei,n,kart,facn,d,ocnecrhacrd@,wegc@,ecn,di,zect,hei,dacjreck,ocp,@n,dicfede,
11940-1464641888-2162770,na,zein,reis,mak,hei,n,kar,vacn,d,ocnfecrhacrd@,wegc,ecn,di,zect,hei,dacjreck,p,@n,dicfede,
12145-1466103929-2097056,na,zein,reis,mak,hei,n,kart,facn,d@,ocnfecrhacrd@,wegc@n,ecn,di,zect,hei,dacjreckt,ocp,@n,defede,
13104-1464302551-2005076,na,zein,reis,mak,hei,n,kar,facn,d@,ocnfecrhacrd@,wegc@,n,di,zect,hei,dacjreck,p,@n,defede,
13285-1464900139-2213088,na,zein,reis,makt,hei,n,kar,facn,d,ocnfecrhacrd@,wegc@n,ecn,di,zect,hei,dacjr@kt,p,@n,defede,
13452-1464611732-1990345,na,zein,reis,makt,hei,@,kart,facn,d@,ocnfecrhacrd@,wegc@,ecn,di,zect,hei,dacjreck,ocp,@n,defede,
13550-1465927748-2316158,na,zein,reis,makt,hei,n,kart,facn,d@,ocnfecrhacrd@,wegc@n,ecn,di,zect,hei,dacjreckt,ocp,n,defede,
13884-1465542613-2289821,na,zein,reis,mak,hei,n,kar,facn,d,ocnfecrhacrd@,wegc,ecn,di,zect,hei,dacjreckt,ocp,@n,defede,
14656-1464340520-2015615,na,zein,reis,mak,hei,@,kart,vacn,d,ocnfecrhacrd@,wex,ecn,di,zect,hei,dacjreckt,ocp,@,defede,
14949-1464437499-2088666,na,zein,reis,mak,hei,n,kart,facn,d,ocnecrhacrd@,wegc@n,n,di,zect,hei,dacjreckt,ocp,@n,defede,
14966-1464385093-2071423,na,sein,reis,mak,hei,n,kart,facn,d@,ocnfecrhacrd@,wex@n,ecn,di,sect,hei,dacjreckt,ocp,@n,defede,
1524-1453230252-909127,na,sein,reis,mak,hei,@,kart,facn,d,ocnfecrhacrd@,wegc@,ecn,di,zect,hei,dacjreckt,ocp,n,defede,
15456-1464345201-2021286,na,zein,reis,makt,hei,n,kart,facn,d,ocnfecrhacrd@,wex@,n,di,zect,hei,dacjreck,ocp,n,defede,
15474-1464525004-2105640,na,sein,reis,mak,hei,n,kart,vacn,d,ocnfecrhacrd@,wex@,ecn,di,sect,hei,dacjreckt,ocp,@n,defede,
15629-1464801090-2191974,na,zein,reis,makt,hei,n,kart,facn,d,ocnfecrhacrd@,wegc@,ecn,di,zect,hei,dacjreckt,ocp,@n,defede,
15664-1464356503-2035262,na,zein,reis,mak,hei,@n,kar,facn,d,ocnfecrhacrd@,wegc@,ecn,di,sect,hei,dacjreck,ocp,@n,defede,
16057-1464364039-2045016,na,zein,reis,mak,hei,@,kart,facn,d,ocnfecrhacrd@,wegc@,ecn,di,zect,hei,dacjreckt,ocp,n,defede,
16188-1465373885-2134242,na,zein,reis,makt,hei,n,kart,facn,d,ocnfecrhacrd@,wegc@,ecn,di,zect,hei,dacjreckt,ocp,@n,defede,
16270-1464090927-1858152,na,sein,reis,mak,hei,n,kart,facn,d@,ocnecrhacrd@,wegc@,ecn,di,zect,hei,dacjreck,ocp,@n,defede,
16368-1464280309-1974983,na,zein,reis,mak,hei,n,kart,vacn,d,ocnecrhacrd@,wegc@,ecn,di,zect,hei,dacjreckt,ocp,@n,defede,
16497-1464683397-2167631,na,zein,reis,mak,hei,@,kar,vacn,d,ocnecrhacrd@,wegc@,ecn,di,zect,hei,dacjreck,ocp,@n,defede,
16501-1464622746-2151702,na,sein,reis,mak,hei,n,kart,vacn,d@,ocnfecrhacrd@,wex@,ecn,di,zect,hei,dacjrkt,ocp,@n,defede,
16505-1464543659-2128457,na,zein,reis,mak,hei,@,kart,vacn,d,ocnfecrhacrd@,wegc@n,ecn,di,zect,hei,dacjreck,ocp,n,defede,
1654-1449521302-355478,na,zein,reis,mak,hei,@,kart,facn,d,ocnfecrhacrd@,wegc@,n,di,zect,hei,dacjreckt,ocp,n,defede,
17187-1472374144-2452008,na,sein,reis,mak,hei,@,kar,facn,d@,ocnecrhacrd@,wex@n,n,di,sect,hei,dacjreckt,ocp,@,defede,
17226-1472585188-2478130,na,sein,reis,mak,hei,n,kart,facn,d@,ocnfecrhacrd@,wegc@n,ecn,di,zect,hei,dacjreckt,ocp,@n,defede,
17518-1476345495-2509229,na,zein,reis,makt,hei,n,kart,facn,d,ocnecrhacrd@,wegc@,ecn,di,zect,hei,dacjreckt,ocp,n,dicfede,
17700-1479854205-2531672,na,zein,reis,makt,hei,n,kart,facn,d,ocnecrhacrd@,wegc@n,ecn,di,zect,hei,dacjreckt,ocp,n,defede,
2486-1449325183-286922,na,zein,reis,mak,hei,n,kart,vacn,d,ocnfecrhacrd@,wex@n,ecn,di,zect,hei,dacjreckt,ocp,n,defede,
2625-1452278306-871184,na,sein,reis,mak,hei,@,kar,facn,d,ocnfecrhacrd@,wex@n,ecn,di,zect,hei,dacjr@k,ocp,@n,defede,
2682-1449505079-433821,na,zein,reis,mak,hei,@,kart,vacn,d,ocnfecrhacrd@,wex,ecn,di,zect,hei,dacjreckt,ocp,@n,defede,
3060-1449435235-394695,na,zein,reis,mak,hei,n,kart,facn,d@,ocnfecrhacrd@,wegc,ecn,di,zect,hei,dacjreck,ocp,n,defede,
309-1449156785-71809,na,zein,reis,makt,hei,n,kart,vacn,d,ocnfecrhacrd@,wegc@,ecn,di,zect,hei,dacjreck,p,@,defede,
3377-1449687951-498568,na,zein,reis,makt,hei,n,kart,facn,d,ocnfecrhacrd@,wex@,n,di,zect,hei,dacjreckt,ocp,@n,defede,
3399-1449679437-538011,na,zein,reis,mak,hei,n,kart,facn,d,ocnecrhacrd@,wex@,ecn,di,zect,hei,dacjreck,ocp,@,defede,
3583-1449677060-523496,na,zein,reis,mak,hei,n,kart,facn,d@,ocnecrhacrd@,wegc,ecn,di,zect,hei,dacjreckt,ocp,@n,defede,
4012-1450112653-672669,na,zein,reis,mak,hei,n,kart,facn,d,ocnecrhacrd@,wex@n,ecn,di,zect,hei,dacjreck,ocp,@n,defede,
4245-1450075184-665446,na,zein,reis,mak,hei,n,kar,facn,d,ocnfecrhacrd@,wex@n,ecn,di,zect,hei,dacjreckt,ocp,@,defede,
4373-1450275141-698095,na,sein,reis,mak,hei,n,kar,facn,d,ocnfecrhacrd@,wegc@,ecn,di,sect,hei,dacjreckt,p,@n,defede,
4424-1457431491-1565757,na,zein,reis,mak,hei,@n,kart,facn,d@,ocnecrhacrd@,wegc@,ecn,di,zect,hei,dacjreckt,ocp,@n,dicfede,
4444-1450522855-721670,na,zein,reis,mak,hei,n,kart,facn,d,ocnfecrhacrd@,wex@,ecn,di,zect,hei,dacjreckt,p,@n,defede,
4495-1451034800-739353,na,zein,reis,mak,hei,n,kar,facn,d,ocnecrhacrd@,wegc@n,ecn,di,zect,hei,dacjr@kt,ocp,n,dicfede,
4674-1450955670-774436,na,sein,reis,mak,hei,n,kar,facn,d,ocnfecrhacrd@,wegc@,n,di,zect,hei,dacjreckt,ocp,@n,defede,
4937-1451769878-840519,na,zein,reis,mak,hei,@n,kart,vacn,d,ocnecrhacrd@,wegc@n,ecn,di,zect,hei,dacjreckt,ocp,@n,defede,
5559-1454010329-988762,na,sein,reis,mak,hei,n,kart,facn,d,ocnfecrhacrd@,wegc@,ecn,di,zect,hei,dacjreck,p,@n,defede,
5598-1454102055-1123335,na,zein,reis,mak,hei,n,kar,vacn,d,ocnfecrhacrd@,wegc,ecn,di,zect,hei,dacjreckt,ocp,@n,defede,
5857-1457599029-1571137,na,zein,reis,mak,hei,n,kart,facn,d,ocnfecrhacrd@,wex@,ecn,di,zect,hei,dacjreck,ocp,@n,defede,
6030-1454016774-1033311,na,zein,reis,mak,hei,n,kar,facn,d@,ocnfecrhacrd@,wegc@n,ecn,di,zect,hei,dacjreckt,ocp,@n,defede,
6077-1454543486-1317433,na,zein,reis,mak,hei,n,kart,facn,d@,ocnfecrhacrd@,wegc@n,ecn,di,zect,hei,dacjreck,ocp,n,defede,
6308-1454078199-1096713,na,zein,reis,makt,hei,n,kart,facn,d@,ocnfecrhacrd@,wegc@,ecn,di,zect,hei,dacjreck,ocp,n,defede,
6545-1454172468-1150482,na,zein,reis,mak,hei,n,kar,facn,d@,ocnfecrhacrd@,wegc@,ecn,di,zect,hei,dacjreck,ocp,@n,defede,
6579-1454256814-1183007,na,zein,reis,mak,hei,n,kar,vacn,d,ocnecrhacrd@,wegc@n,ecn,di,zect,hei,dacjreckt,ocp,@n,defede,
6796-1454360220-1231484,na,sein,reis,mak,hei,n,kar,facn,d,ocnfecrhacrd@,wegc@,n,di,zect,hei,dacjr@kt,ocp,@n,dicfede,
6930-1456496438-1527253,na,zein,reis,makt,hei,n,kart,facn,d@,ocnfecrhacrd@,wegc@n,ecn,di,sect,hei,dacjrkt,ocp,n,defede,
6968-1454523601-1299528,na,zein,reis,makt,hei,@n,kar,facn,d@,ocnecrhacrd@,wegc,ecn,di,zect,hei,dacjreckt,ocp,@n,dicfede,
7277-1456600431-1434105,na,sein,reis,makt,hei,n,kart,facn,d,ocnfecrhacrd@,wegc@n,n,di,zect,hei,dacjreckt,ocp,@n,defede,
8004-1457195032-1545188,na,zein,reis,mak,hei,@,kart,facn,d@,ocnecrhacrd@,wegc@n,ecn,di,zect,hei,dacjr@k,ocp,@n,defede,
828-1449173186-128234,na,zein,reis,mak,hei,@,kart,vacn,d,ocnfecrhacrd@,wegc@n,ecn,di,zect,hei,dacjreck,ocp,@n,defede,
8391-1462470746-1801470,na,sein,reis,mak,hei,n,kar,facn,d,ocnfecrhacrd@,wex@,ecn,di,zect,hei,dacjreck,ocp,@n,defede,
8641-1458176833-1671164,na,sein,reis,mak,hei,n,kar,facn,d,ocnfecrhacrd@,wegc@n,ecn,di,zect,hei,dacjreckt,ocp,@n,defede,
8804-1457968184-1649070,na,zein,reis,mak,hei,n,kar,facn,d@,ocnecrhacrd@,wex@,ecn,di,sect,hei,dacjreck,ocp,n,defede,
8845-1483383901-2547993,na,zein,reis,mak,hei,n,kart,facn,d,ocnfecrhacrd@,wegc@,ecn,di,zect,hei,dacjr@kt,ocp,@n,d@fede,
9073-1460294535-1755682,na,zein,reis,mak,hei,n,kart,vacn,d,ocnecrhacrd@,wex,ecn,di,zect,hei,dacjreckt,ocp,@n,defede,
9220-1464560099-1769392,na,sein,reis,makt,hei,n,kart,facn,d,ocnfecrhacrd@,wex@,n,di,zect,hei,dacjreckt,ocp,@,defede,
9415-1462987575-1806619,na,zein,reis,mak,hei,n,kart,facn,d@,ocnfecrhacrd@,wegc@n,ecn,di,zect,hei,dacjreckt,ocp,@,defede,
9486-1463415305-1821398,na,zein,reis,mak,hei,n,kart,facn,d@,ocnfecrhacrd@,wegc@,ecn,di,zect,hei,dacjreckt,ocp,@,defede,
9910-1464027973-1851397,na,zein,reis,mak,hei,n,kar,facn,d,ocnfecrhacrd@,wex@,ecn,di,zect,hei,dacjreckt,ocp,@,defede,
