10185-1464086069-1855269,kocrt,na,hect,wil@rfecstein,fecrbruikt@,dris,d@,recs,facn,d@,deodocracnt,
11437-1464118888-1882037,kocr,na,hect,wil@rfecstein,vecrbruikt@,dris,d@,recs,facn,d@,deodocracn,
11438-1464216646-1950682,kocr,na,hect,wil@rfecstein,fecrbruikt@,dris,d,recs,vacn,d,deodocracnt,
11665-1464189524-1921427,kocrt,na,hect,wil@rfecstein,fecrbruikt@,dris,d@,recs,facn,d@,dicocdocracnt,
12233-1464368206-2051574,kocrt,na,hect,wil@rfecstein,fecrbruikt@,dris,d@,recs,facn,d@,deodocracnt,
12923-1464633382-2157876,kocrt,na,hect,wil@rfecstein,fecrbruikt@,dris,d@,recst,vacn,d,deodocracnt,
13042-1464201641-1933469,kocr,na,hect,wil@rfecstein,fecrbruikt@,dris,d@,recst,vacn,d@,deodocracn,
13411-1465639659-2297684,kocr,na,hect,wil@rfecstein,fecrbruikt@,dris,d@,recs,vacn,d@,deodocracnt,
15527-1473083461-2482770,kocr,na,hect,wil@rfecstein,vecrbruikt@,dris,d@,recst,vacn,d@,deodocracnt,
16266-1464425714-2081593,kocrt,na,hect,wil@rfecstein,fecrbruikt@,dris,d@,recst,facn,d@,deodocracn,
16334-1464158581-1897817,kocr,na,hect,wil@rfecstein,vecrbruikt@,dris,d@,recs,facn,d,deodocracnt,
16681-1465974191-2317685,kocrt,na,hect,wil@rfecstein,vecrbruikt@,drs,d,recs,vacn,d,d@od@racn,
16771-1466359573-2343107,kocr,na,hect,wil@rfecstein,vecrbruikt@,dris,d,recs,vacn,d@,d@@docracnt,
1687-1449170173-122265,kocr,na,hect,wil@rfecstein,fecrbruikt@,dris,d@,recst,facn,d@,deodocracn,
1707-1449563597-469129,kocrt,na,hect,wil@rfecstein,vecrbruikt@,dris,d@,recs,vacn,d,deodocracn,
17301-1472377079-2460166,kocr,na,hect,wil@rfecstein,fecrbruikt@,dris,d@,recs,vacn,d@,deodocracn,
203-1449162427-100816,kocr,na,hect,wil@rfecstein,vecrbruikt@,dris,d,recst,facn,d@,deodocracnt,
214-1452504962-700249,kocr,na,hect,wil@rfecstein,fecrbruikt@,dris,d@,recs,facn,d,deodocracnt,
2963-1450721894-755467,kocr,na,hect,wil@rfecstein,vecrbruikt@,dris,d@,recs,vacn,d@,d@@docracnt,
298-1449772754-575586,kocr,na,hect,wil@rfecstein,vecrbruikt@,dris,d,recs,vacn,d@,deodocracnt,
299-1449162330-100556,kocr,na,hect,wil@rfecstein,fecrbruikt@,dris,d,recs,vacn,d@,deodocracnt,
3054-1449510522-440179,kocr,na,hect,wil@rfecstein,fecrbruikt@,dris,d@,recs,facn,d@,d@@docracn,
3282-1449506319-435810,kocr,na,hect,wil@rfecstein,vecrbruikt@,dris,d@,recs,vacn,d@,deodocracnt,
333-1449267523-241771,kocrt,na,hect,wil@rfecstein,fecrbruikt@,dris,d@,recst,vacn,d@,deodocracnt,
3385-1450453121-717134,kocr,na,hect,wil@rfecstein,fecrbruikt@,dris,d@,recst,vacn,d,deodocracnt,
3526-1454538884-1315069,kocrt,na,hect,wil@rfecstein,fecrbruikt@,dris,d@,recst,facn,d@,deodocracnt,
3966-1452612962-888387,kocr,na,hect,wil@rfecstein,fecrbruikt@,dris,d@,recs,vacn,d@,deodocracnt,
3984-1450772960-760592,kocr,na,hect,wil@rfecstein,vecrbruikt@,dris,d@,recs,vacn,d,d@@docracn,
4111-1450006066-637166,kocr,na,hect,wil@rfecstein,vecrbruikt@,dris,d@,recs,facn,d,deodocracnt,
4357-1450305723-704543,kocr,na,hect,wil@rfecstein,fecrbruikt@,dris,d@,recs,facn,d,deodocracnt,
4406-1453647054-926443,kocrt,na,hect,wil@rfecstein,fecrbruikt@,dris,d@,recs,facn,d@,deodocracnt,
4616-1450897994-770686,kocr,na,hect,wil@rfecstein,fecrbruikt@,dris,d@,recs,facn,d,deodocracnt,
4895-1451575497-832227,kocr,na,hect,wil@rfecstein,vecrbruikt@,dris,d@,recs,vacn,d,deodocracnt,
4923-1455303721-1435750,kocrt,na,hect,wil@rfecstein,fecrbruikt@,dris,d@,recst,facn,d@,deodocracnt,
5153-1457517230-1567292,kocr,na,hect,wil@rfecstein,fecrbruikt@,dris,d,recs,vacn,d@,deodocracnt,
5383-1454063369-1073530,kocr,na,hect,wil@rfecstein,fecrbruikt@,dris,d@,recs,vacn,d,deodocracnt,
5669-1454600224-1328915,kocrt,na,hect,wil@rfecstein,fecrbruikt@,dris,d@,recst,facn,d@,d@od@racn,
6225-1454063492-1074069,kocr,na,hect,wil@rfecstein,vecrbruikt@,dris,d@,recst,vacn,d@,deodocracnt,
6259-1455286338-1430871,kocr,na,hect,wil@rfecstein,fecrbruikt@,dris,d@,recs,facn,d@,deodocracnt,
7039-1454588067-1323537,kocr,na,hect,wil@rfecstein,vecrbruikt@,dris,d@,recst,facn,d@,deodocracnt,
7140-1454521719-1298411,kocr,na,hect,wil@rfecstein,fecrbruikt@,dris,d,recst,vacn,d@,d@@docracnt,
7275-1456401084-1518806,kocr,na,hect,wil@rfecstein,vecrbruikt@,dris,d,recs,facn,d@,d@@docracnt,
7470-1455108367-1402852,kocr,na,hect,wil@rfecstein,vecrbruikt@,dris,d,recs,vacn,d@,deodocracnt,
7790-1456080193-1492046,kocr,na,hect,wil@rfecstein,vecrbruikt@,dris,d,recs,facn,d,d@@docracnt,
7955-1463166443-1813011,kocr,na,hect,wil@rfecstein,vecrbruikt@,dris,d@,recs,vacn,d,deodocracn,
7961-1456580698-1532443,kocr,na,hect,wil@rfecstein,fecrbruikt@,dris,d,recst,vacn,d@,deodocracnt,
8404-1458302879-1677900,kocr,na,hect,wil@rfecstein,fecrbruikt@,dris,d,recst,facn,d@,deodocracnt,
8674-1457954707-1638925,kocrt,na,hect,wil@rfecstein,fecrbruikt@,dris,d@,recst,facn,d@,deodocracnt,
8763-1458206684-1672041,kocr,na,hect,wil@rfecstein,fecrbruikt@,dris,d@,recs,facn,d@,d@od@racnt,
8834-1458058266-1660966,kocr,na,hect,wil@rfecstein,fecrbruikt@,dris,d,recs,vacn,d@,deodocracnt,
8937-1460648218-1762452,kocr,na,hect,wil@rfecstein,fecrbruikt@,dris,d@,recst,vacn,d@,deodocracn,
8963-1458485194-1689681,kocr,na,hect,wil@rfecstein,fecrbruikt@,dris,d,recs,vacn,d@,d@od@racn,
9363-1462391755-1799836,kocr,na,hect,wil@rfecstein,fecrbruikt@,dris,d@,recst,facn,d,deodocracnt,
9789-1465022228-2229465,kocrt,na,hect,wil@rfecstein,vecrbruikt@,dris,d,recst,facn,d@,deodocracnt,
9935-1464219545-1952043,kocr,na,hect,wil@rfecstein,fecrbruikt@,dris,d,recs,facn,d@,deodocracnt,
