10015-1465415681-2278883,n@tyrl@k,xa,j,vacn,hacrt,wecrk,heus,ni,dot,ma,n,acndr,ocpsicxt@,ics,d,preis,socms,hogc@,dacn,j,dacxt,
10038-1465798152-2309628,natyrk,xa,j@,vacn,hacrt,wecrk,heus,ni,dot,mar,n,acndr,ocpsicxt@,ics,d,preis,socms,hogc@,dacn,j,dacx,
10241-1464792417-2190489,n@tyrl@k,xa,j,vacn,hacrt,wecrk@,heus,ni,dot,mar,n,acndr,ocpsicxt@,ics,d,preis,socms,hogc@,dacn,j,dacxt,
10267-1464460292-2101923,n@ty@k,xa,j,vacn,hacrt,wecrk,heus,ni,dot,mar,n,acnd@r,ocpsicxt@,ics,d@,preis,socms,hogc,dacn,j,dacxt,
10295-1464287210-1983785,n@tyr@k,xa,j@,vacn,hacr,wecrk,heus,ni,dot,mar,n,acnd@r,ocpsicxt@,ics,d@,preis,socms,hogc@,dacn,j@,dacxt,
10873-1464181273-1912797,n@tyl@k,xa,j@,vacn,hacrt,wecrk@,heus,ni,dot,ma,n,acndr,ocpsicxt@,ics,d@,preis,socms,hogc@,dacn,j,dacxt,
10988-1464181162-1913583,natyrl@k,xa,j,facn,hacrt,wecrk@,heus,ni,dot,mar,n,acndr,ocpsicxt@,ics,d@,preis,socms,hox@r,dacn,j,dacxt,
11719-1464610500-2146385,natyrl@k,xa,j,vacn,hacr,wecrk,heus,ni,dot,mar,n,acndr,ocpsicxt@,ics,d@,preis,socms,hogcr,dacn,j,dacx,
12535-1464199223-1930135,natyr@k,xa,j@,vacn,hacrt,wecrk@,heus,ni,dot,mar,icn,acndr,ocpsicxt@,ics,d@,preis,socms,hogc@,dacn,j,dacxt,
13066-1464212829-1946915,n@tyl@k,xa,j@,vacn,hacrt,wecrk,heus,ni,dot,ma,n,acndr,ocpsicxt@,ics,d,preis,socms,hogcr,dacn,j,dacxt,
13969-1464286333-1982061,n@tyl@k,xa,j,vacn,hacrt,wecrk,heus,ni,dot,mar,n,acnd@r,ocpsicxt@,ics,d,preis,socms,hogc@,dacn,j,dacxt,
14111-1477309707-2517066,nadyrk,xa,j,vacn,hacr,wecrk@,heus,ni,dot,mar,icn,acnd@r,ocpsicxt@,ics,d@,preis,socms,hogc@,dacn,j@,dacxt,
15579-1469788980-2416180,natyl@k,xa,j,vacn,hacrt,wecrk@,heus,ni,dot,mar,n,acndr,ocpsicxt@,ics,d@,preis,socms,hogc@,dacn,j,dacxt,
15592-1465473658-2283543,ntyr@k,xa,j,vacn,hacr,wecrk@n,heus,ni,dot,ma,n,acndr,ocpsicxt@,ics,d@,preis,socms,hogc,dacn,j,dacxt,
15779-1464358441-2037704,n@tyr@k,xa,j,vacn,hacrt,wecrk,heus,ni,dot,mar,n,acndr,ocpsicxt@,ics,d,preis,socms,hogc,dacn,j,dacxt,
15781-1465026168-2230315,n@tyr@k,xa,j@,vacn,hacrt,wecrk@n,heus,ni,dot,mar,icn,acndr,ocpsicxt@,ics,d@,preis,socms,hogc@,dacn,j,dacxt,
15972-1464425185-2081304,ntyrl@k,xa,j,vacn,hacr,wecrk@,heus,ni,dot,mar,n,acndr,ocpsicxt@,ics,d@,preis,socms,hogc@,dacn,j,dacx,
16149-1464381307-2067525,n@tyl@k,xa,j@,vacn,hacr,wecrk,heus,ni,dot,ma,n,acnd@r,ocpsicxt@,ics,d,preis,socms,hogc,dacn,j,dacxt,
16207-1464422857-2079483,n@tyrk,xa,j,vacn,hacr,wecrk,heus,ni,dot,mar,n,acndr,ocpsicxt@,ics,d@,preis,socms,hogcr,dacn,j,dacxt,
16210-1464712859-2129861,nacdyrl@k,xa,j@,vacn,hacr,wecrk@,heus,ni,dot,ma,icn,acndr,ocpsicxt@,ics,d,preis,socms,hox@,dacn,j@,dacx,
16222-1464607288-2145294,n@tyrl@k,xa,j@,vacn,hacrt,wecrk,heus,ni,dot,ma,n,acndr,ocpsicxt@,ics,d@,preis,socms,hogcr,dacn,j,dacxt,
16307-1464282941-1901759,n@tyrl@k,xa,j@,vacn,hacrt,wecrk@,heus,ni,dot,ma,icn,acndr,ocpsicxt@,ics,d@,preis,socms,hogc,dacn,j@,dacxt,
16326-1464609989-2146262,n@tyr@k,xa,j,vacn,hacr,wecrk,heus,ni,dot,mar,n,acndr,ocpsicxt@,ics,d,preis,socms,hogc@,dacn,j,dacxt,
16495-1464468393-2107728,n@tyrl@k,xa,j,vacn,hacr,wecrk,heus,ni,dot,ma,n,acndr@,ocpsicxt@,ics,d@,preis,socms,hogc@,dacn,j@,dacxt,
16938-1469369490-2411070,natyl@k,xa,j,vacn,hacr,wecrk,heus,ni,dot,mar,n,acndr,ocpsicxt@,ics,d,preis,socms,hogc,dacn,j,dacxt,
17089-1475416083-2500514,ntyrk,xa,j,vacn,hacr,wecrk,heus,ni,dot,ma,n,acndr,ocpsicxt@,ics,d,preis,socms,hogc,dacn,j,dacx,
17469-1474488283-2492229,natyl@k,xa,j@,vacn,hacr,wecrk@n,heus,ni,dot,mar,n,acndr,ocpsicxt@n,ics,d,preis,socms,hogc@,dacn,j,dacxt,
17777-1482062465-2543530,n@tyrl@k,xa,j@,vacn,hacrt,wecrk,heus,ni,dot,ma,n,acnd@r,ocpsicxt@,ics,d@,preis,socms,hogc,dacn,j@,dacxt,
1987-1450049389-662967,n@tyrl@k,xa,j,vacn,hacrt,wecrk,heus,ni,dot,ma,icn,acndr,ocpsicxt@,ics,d@,preis,socms,hogc@,dacn,j,dacxt,
2339-1449580112-422010,n@ty@k,xa,j,vacn,hacrt,wecrk,heus,ni,dot,ma,n,acndr,ocpsicxt@,ics,d,preis,socms,hogc@,dacn,j,dacxt,
2477-1450612762-724080,natyrl@k,xa,j,vacn,hacrt,wecrk,heus,ni,dot,ma,n,acndr,ocpsicxt@n,ics,d@,preis,socms,hogc@,dacn,j,dacxt,
2526-1457775722-1608818,n@tyrl@k,xa,j@,vacn,hacr,wecrk,heus,ni,dot,ma,n,acndr,ocpsicxt@,ics,d,preis,socms,hogc@,dacn,j,dacxt,
2720-1449366754-328149,natyr@k,xa,j,vacn,hacr,wecrk,heus,ni,dot,ma,icn,acndr,ocpsicxt@,ics,d,preis,socms,hox,dacn,j,dacxt,
3178-1449646620-521986,n@tyl@k,xa,j@,vacn,hacrt,wecrk@,heus,ni,dot,mar,n,acndr,ocpsicxt@n,ics,d@,preis,socms,hogcr,dacn,j,dacxt,
3318-1449512933-444335,n@tyrl@k,xa,j,vacn,hacr,wecrk,heus,ni,dot,mar,n,acnd@r,ocpsicxt@,ics,d,preis,socms,hogc@,dacn,j,dacxt,
3594-1449683134-541522,n@tyrk,xa,j,facn,hacr,wecrk,heus,ni,dot,ma,n,acndr,ocpsicxt@,ics,d@,preis,socms,hogc,dacn,j,dacx,
3677-1449672778-533452,ndylk,xa,j@,vacn,hacr,wecrk,heus,ni,dot,ma,n,acnd@r,ocpsicxt@,ics,d,preis,socms,hogc@r,dacn,j@,dacx,
3733-1455230017-1427252,n@tyl@k,xa,j@,vacn,hacrt,wecrk,heus,ni,dot,ma,n,acndr,ocpsicxt@,ics,d@,preis,socms,hogc@,dacn,j,dacxt,
3737-1455193174-1419995,n@tyrl@k,xa,j,vacn,hacr,wecrk,heus,ni,dot,ma,n,acndr,ocpsicxt@,ics,d@,preis,socms,hogc@,dacn,j,dacxt,
4502-1450732213-757741,n@tyl@k,xa,j@,vacn,hacr,wecrk,heus,ni,dot,mar,n,acnd@r,ocpsicxt@,ics,d,preis,socms,hogc,dacn,j@,dacxt,
4642-1450789294-762765,tyk,xa,j@,vacn,hacrt,wecrk,heus,ni,dot,mar,n,acndr,ocpsicxt@n,ics,d@,preis,socms,hogc@,dacn,j,dacxt,
4722-1451145873-786602,nactyrl@k,xa,j@,vacn,hacr,wecrk,heus,ni,dot,ma,n,acndr,ocpsicxt@,ics,d,preis,socms,hogc@,dacn,j@,dacxt,
4769-1451325178-803300,n@dyl@k,xa,j,vacn,hacr,wecrk,heus,ni,dot,mar,n,acndr,ocpsicxt@,ics,d,preis,socms,hogc@,dacn,j,dacx,
4777-1451516003-829792,n@tyrlk,xa,j@,vacn,hacrt,wecrk,heus,ni,dot,ma,n,acnd@r,ocpsicxt@,ics,d@,preis,socms,hogc@,dacn,j,dacxt,
4782-1451328214-806197,n@tyl@k,xa,j@,vacn,hacr,wecrk,heus,ni,dot,mar,n,acndr,ocpsicxt@,ics,d,preis,socms,hogcr,dacn,j,dacxt,
4858-1451779797-842019,natyk,xa,j@,vacn,hacr,wecrk@n,heus,ni,dot,ma,n,acndr@,ocpsicxt@,ics,d,preis,socms,hogc@,dacn,j,dacx,
5194-1453540669-921574,n@tyr@k,xa,j@,vacn,hacr,wecrk,heus,ni,dot,ma,n,acndr,ocpsicxt@,ics,d@,preis,socms,hogc@,dacn,j,dacxt,
5203-1453484349-919936,n@tyrl@k,xa,j,vacn,hacrt,wecrk,heus,ni,dot,ma,n,acndr@,ocpsicxt@,ics,d@,preis,socms,hogc@r,dacn,j,dacxt,
5418-1454011547-1003508,n@tyrl@k,xa,j@,vacn,hacrt,wecrk,heus,ni,dot,ma,n,acndr,ocpsicxt@,ics,d@,preis,socms,hogc@,dacn,j,dacx,
5476-1454012578-1007130,natyrk,xa,j@,facn,hacr,wecrk,heus,ni,dot,mar,n,acndr,ocpsicxt@,ics,d,preis,socms,hogc,dacn,j,dacxt,
5728-1454061620-1070209,n@tyrk,xa,j@,vacn,hacr,wecrk,heus,ni,dot,mar,n,acndr,ocpsicxt@n,ics,d@,preis,socms,hogc@,dacn,j,dacxt,
5900-1455446642-1449978,n@tyrl@k,xa,j,vacn,hacrt,wecrk,heus,ni,dot,ma,n,acndr,ocpsicxt@,ics,d@,preis,socms,hogc@r,dacn,j@,dacx,
6178-1454052256-1061365,n@ty@k,xa,j@,vacn,hacr,wecrk,heus,ni,dot,ma,n,acndr,ocpsicxt@,ics,d,preis,socms,hogc@,dacn,j@,dacx,
6499-1454441477-1251371,n@tyrk,xa,j@,vacn,hacr,wecrk@,heus,ni,dot,mar,n,acndr,ocpsicxt@,ics,d,preis,socms,hogc@,dacn,j@,dacxt,
6705-1454272639-1199472,ndyl@k,xa,j,vacn,hacr,wecrk,heus,ni,dot,mar,n,acnd@r@,ocpsicxt@,ics,d@,preis,socms,hogc,dacn,j,dacx,
6969-1455101832-1410461,natyr@k,xa,j@,vacn,hacr,wecrk,heus,ni,dot,mar,n,acndr,ocpsicxt@,ics,d,preis,socms,hogc,dacn,j,dacxt,
6971-1454600574-1329168,n@ty@k,xa,j@,vacn,hacrt,wecrk,heus,ni,dot,mar,n,acnd@r,ocpsicxt@,ics,d,preis,socms,hogc@,dacn,j,dacxt,
7017-1457957017-1641474,n@tyr@k,xa,j@,vacn,hacr,wecrk,heus,ni,dot,ma,n,acndr,ocpsicxt@,ics,d,preis,socms,hogcr,dacn,j@,dacxt,
7183-1455616384-1343849,n@tyrl@k,xa,j,vacn,hacr,wecrk,heus,ni,dot,ma,n,acndr,ocpsicxt@,ics,d@,preis,socms,hogc@,dacn,j,dacx,
7202-1454614109-1335081,n@tyrl@k,xa,j@,vacn,hacrt,wecrk,heus,ni,dot,ma,n,acndr,ocpsicxt@,ics,d,preis,socms,hogc@,dacn,j,dacxt,
7358-1454701825-1360258,n@tyr@k,xa,j@,vacn,hacr,wecrk,heus,ni,dot,ma,n,acndr,ocpsicxt@n,ics,d@,preis,socms,hogc@,dacn,j@,dacx,
7538-1455198888-1421435,ndy@k,xa,j@,vacn,hacrt,wecrk,heus,ni,dot,ma,icn,acndr,ocpsicxt@,ics,d@,preis,socms,hogc,dacn,j,dacxt,
7543-1455207620-1422982,n@tyrl@k,xa,j,vacn,hacrt,wecrk,heus,ni,dot,mar,n,acnd@r,ocpsicxt@n,ics,d@,preis,socms,hogc@,dacn,j,dacxt,
8132-1457632593-1572911,ndyrl@k,xa,j,vacn,hacrt,wecrk,heus,ni,dot,ma,n,acndr,ocpsicxt@,ics,d,preis,socms,hogc@,dacn,j,dacxt,
8289-1457726175-1602948,nadyrl@k,xa,j,facn,hacr,wecrk@,heus,ni,dot,ma,n,acndr,ocpsicxt@n,ics,d@,preis,socms,hogc@,dacn,j,dacxt,
8295-1457977226-1605510,natyrl@k,xa,j,vacn,hacrt,wecrk,heus,ni,dot,mar,icn,acndr,ocpsicxt@,ics,d@,preis,socms,hogc@,dacn,j,dacxt,
8392-1457724478-1602498,tyk,xa,j@,vacn,hacr,wecrk,heus,ni,dot,ma,icn,acnd@r,ocpsicxt@,ics,d@,preis,socms,hogc@,dacn,j,dacxt,
8595-1457962083-1646426,ntyrl@k,xa,j,vacn,hacrt,wecrk,heus,ni,dot,ma,n,acndr,ocpsicxt@,ics,d@,preis,socms,hogc@,dacn,j,dacxt,
8668-1458673174-1698322,natyk,xa,j@,vacn,hacr,wecrk@n,heus,ni,dot,ma,n,acndr,ocpsicxt@n,ics,d@,preis,socms,hogcr,dacn,j,dacx,
8708-1457953964-1636714,n@tyrl@k,xa,j@,vacn,hacr,wecrk,heus,ni,dot,ma,icn,acnd@r@,ocpsicxt@,ics,d@,preis,socms,hogc@,dacn,j@,dacx,
8788-1457957492-1642680,n@tyrk,xa,j@,vacn,hacrt,wecrk,heus,ni,dot,mar,n,acndr,ocpsicxt@,ics,d,preis,socms,hogc@,dacn,j,dacxt,
9006-1460799697-1765844,n@tyl@k,xa,j,vacn,hacr,wecrk@,heus,ni,dot,mar,n,acndr,ocpsicxt@n,ics,d@,preis,socms,hogc@,dacn,j,dacxt,
9096-1459554040-1725861,n@tyl@k,xa,j,vacn,hacrt,wecrk@,heus,ni,dot,mar,n,acndr,ocpsicxt@,ics,d@,preis,socms,hogc,dacn,j,dacxt,
9109-1459941580-1744625,n@tyrk,xa,j@,vacn,hacr,wecrk@,heus,ni,dot,ma,n,acndr,ocpsicxt@,ics,d,preis,socms,hogc,dacn,j@,dacxt,
9111-1460036966-1748589,ntyk,xa,j@,vacn,hacr,wecrk,heus,ni,dot,mar,n,acndr,ocpsicxt@,ics,d,preis,socms,hogc,dacn,j@,dacxt,
9114-1460036172-1745369,nacdyr@k,xa,j@,vacn,hacr,wecrk,heus,ni,dot,ma,n,acndr@,ocpsicxt@,ics,d@,preis,socms,hogc@,dacn,j,dacxt,
9122-1459856534-1733018,nadyr@k,xa,j,vacn,hacrt,wecrk@,heus,nit,dot,mar,n,acndr,ocpsicxt@,ics,d@,preis,socms,hogc@r,dacn,j@,dacxt,
9128-1459887879-1741553,n@tyl@k,xa,j,facn,hacr,wecrk@,heus,ni,dot,mar,n,acnd@r,ocpsicxt@,ics,d@,preis,socms,hogc,dacn,j,dacxt,
9131-1459860561-1735058,ntyrl@k,xa,j,vacn,hacr,wecrk,heus,ni,dot,ma,n,acndr,ocpsicxt@,ics,d@,preis,socms,hogc,dacn,j,dacxt,
9136-1459859983-1735180,ntyrk,xa,j@,vacn,hacr,wecrk,heus,ni,dot,mar,n,acndr,ocpsicxt@,ics,d@,preis,socms,hogc@,dacn,j@,dacxt,
9140-1459860553-1735646,n@tyr@k,xa,j,vacn,hacr,wecrk@,heus,ni,dot,ma,n,acndr,ocpsicxt@,ics,d,preis,socms,hogc@,dacn,j,dacxt,
9145-1459870714-1737244,tyk,xa,j,vacn,hacrt,wecrk@,heus,ni,dot,mar,icn,acnd@r@,ocpsicxt@,ics,d@,preis,socms,hogc@r,dacn,j,dacxt,
9157-1459874099-1739058,natyl@k,xa,j,vacn,hacrt,wecrk,heus,ni,dot,ma,n,acnd@r,ocpsicxt@,ics,d@,preis,socms,hogc@,dacn,j,dacxt,
9161-1459956277-1745699,n@tyr@k,xa,j,vacn,hacrt,wecrk@,heus,ni,dot,ma,icn,acndr,ocpsicxt@,ics,d,preis,socms,hogcr,dacn,j,dacxt,
9164-1459877039-1740172,natyrl@k,xa,j@,vacn,hacr,wecrk,heus,ni,dot,ma,n,acnd@r,ocpsicxt@,ics,d,preis,socms,hogc@,dacn,j,dacxt,
9175-1460205894-1753546,n@tyrl@k,xa,j@,vacn,hacrt,wecrk@n,heus,ni,dot,ma,n,acndr,ocpsicxt@,ics,d,preis,socms,hogcr,dacn,j@,dacxt,
9179-1460139740-1752003,ntyl@k,xa,j,vacn,hacrt,wecrk@n,heus,ni,dot,ma,icn,acndr,ocpsicxt@,ics,d@,preis,socms,hogc@,dacn,j,dacx,
9181-1460143313-1752399,ndyr@k,xa,j,vacn,hacrt,wecrk,heus,ni,dot,ma,n,acndr,ocpsicxt@,ics,d,preis,socms,hogc@,dacn,j@,dacxt,
9240-1460555284-1761425,natyrl@k,xa,j,vacn,hacr,wecrk@,heus,ni,dot,ma,n,acndr,ocpsicxt@,ics,d@,preis,socms,hogcr,dacn,j@,dacx,
9531-1464108261-1843151,n@dyr@k,xa,j,vacn,hacr,wecrk@,heus,ni,dot,mar,n,acndr,ocpsicxt@,ics,d@,preis,socms,hogc,dacn,j,dacxt,
